Job Postings vs. Hires,,
,,
"3,108,585.00","7,427,614.00",
Avg. Monthly Postings (Jan 2023 - Dec 2023),Avg. Monthly Hires (Jan 2023 - Dec 2023),
Occupation,Avg Monthly Postings (Jan 2023 - Dec 2023),Avg Monthly Hires (Jan 2023 - Dec 2023)
Registered Nurses,"200,309","115,300"
Unclassified Occupation,"102,008",0
Retail Salespersons,"89,287","251,838"
First-Line Supervisors of Retail Sales Workers,"57,895","40,102"
Customer Service Representatives,"57,295","186,615"
Software Developers,"55,722","67,465"
Heavy and Tractor-Trailer Truck Drivers,"55,649","121,208"
"Computer Occupations, All Other","47,302","16,791"
"Laborers and Freight, Stock, and Material Movers, Hand","43,768","279,526"
"Maintenance and Repair Workers, General","39,533","72,658"
"Sales Representatives, Wholesale and Manufacturing, Except Technical and Scientific Products","39,341","37,960"
General and Operations Managers,"38,406","138,217"
"Secretaries and Administrative Assistants, Except Legal, Medical, and Executive","36,731","75,637"
Home Health and Personal Care Aides,"36,151","271,317"
Food Service Managers,"35,121","10,607"
Medical and Health Services Managers,"34,403","15,191"
First-Line Supervisors of Office and Administrative Support Workers,"33,246","50,207"
Licensed Practical and Licensed Vocational Nurses,"31,141","38,747"
Project Management Specialists,"29,323","42,838"
"Janitors and Cleaners, Except Maids and Housekeeping Cleaners","27,690","146,935"
Financial Managers,"26,632","26,231"
"Sales Representatives of Services, Except Advertising, Insurance, Financial Services, and Travel","26,141","66,461"
Sales Managers,"24,569","21,354"
"Production Workers, All Other","24,155","23,412"
Accountants and Auditors,"23,348","66,058"
Waiters and Waitresses,"23,346","266,892"
"Health Technologists and Technicians, All Other","22,630","5,403"
Nursing Assistants,"22,567","103,154"
First-Line Supervisors of Food Preparation and Serving Workers,"22,284","58,342"
Medical Assistants,"21,935","40,931"
Maids and Housekeeping Cleaners,"21,925","73,213"
Data Scientists,"21,236","9,246"
Driver/Sales Workers,"20,832","23,309"
Computer User Support Specialists,"20,320","29,931"
"Bookkeeping, Accounting, and Auditing Clerks","20,188","58,775"
Security Guards,"19,981","98,295"
Merchandise Displayers and Window Trimmers,"19,954","8,203"
Human Resources Specialists,"19,516","64,346"
"Sales Representatives, Wholesale and Manufacturing, Technical and Scientific Products","19,209","8,140"
Marketing Managers,"19,114","17,485"
Receptionists and Information Clerks,"18,362","77,647"
Automotive Service Technicians and Mechanics,"18,308","33,643"
Market Research Analysts and Marketing Specialists,"16,789","50,703"
"Managers, All Other","16,512","18,967"
Stockers and Order Fillers,"16,335","210,025"
Postsecondary Teachers,"15,980","50,323"
"Secondary School Teachers, Except Special and Career/Technical Education","15,937","25,520"
"Shipping, Receiving, and Inventory Clerks","15,918","41,385"
Physical Therapists,"15,710","10,027"
Management Analysts,"15,639","35,513"
First-Line Supervisors of Production and Operating Workers,"15,116","16,287"
Pharmacy Technicians,"14,794","23,707"
Nurse Practitioners,"14,333","11,941"
"Child, Family, and School Social Workers","14,292","15,725"
Financial and Investment Analysts,"14,191","13,929"
Dining Room and Cafeteria Attendants and Bartender Helpers,"14,158","44,304"
"Transportation, Storage, and Distribution Managers","13,954","7,862"
"Teaching Assistants, Except Postsecondary","13,943","67,916"
"First-Line Supervisors of Mechanics, Installers, and Repairers","13,869","17,345"
"Cooks, Restaurant","13,824","112,867"
Construction Managers,"13,641","16,293"
Buyers and Purchasing Agents,"13,168","18,697"
"Production, Planning, and Expediting Clerks","13,132","15,158"
Civil Engineers,"13,036","12,118"
Clinical Laboratory Technologists and Technicians,"12,746","11,092"
Industrial Engineers,"12,622","10,386"
"Hotel, Motel, and Resort Desk Clerks","12,289","26,194"
"Inspectors, Testers, Sorters, Samplers, and Weighers","12,288","25,490"
"Physicians, All Other","11,738","9,125"
Food Preparation Workers,"11,548","85,853"
Bartenders,"11,409","50,066"
Logisticians,"11,286","9,768"
"Preschool Teachers, Except Special Education","10,950","31,170"
Human Resources Managers,"10,693","9,026"
"Property, Real Estate, and Community Association Managers","10,609","10,586"
Mechanical Engineers,"10,349","8,114"
Lawyers,"10,123","20,050"
"Community and Social Service Specialists, All Other","9,879","4,941"
Dental Assistants,"9,792","21,433"
Industrial Production Managers,"9,757","5,778"
Computer Systems Analysts,"9,696","18,555"
"Substance Abuse, Behavioral Disorder, and Mental Health Counselors","9,509","22,199"
Speech-Language Pathologists,"9,485","7,131"
Pharmacists,"9,369","11,021"
Bus and Truck Mechanics and Diesel Engine Specialists,"9,314","13,147"
"Educational, Guidance, and Career Counselors and Advisors","9,214","15,258"
Industrial Truck and Tractor Operators,"9,214","53,002"
Radiologic Technologists and Technicians,"9,195","6,057"
Medical Secretaries and Administrative Assistants,"9,177","23,380"
Computer Network Architects,"9,017","6,229"
Database Administrators,"9,007","3,224"
Magnetic Resonance Imaging Technologists,"8,864","1,200"
Coaches and Scouts,"8,786","19,393"
"Compensation, Benefits, and Job Analysis Specialists","8,344","4,592"
Electrical Engineers,"8,343","5,207"
Training and Development Specialists,"8,322","19,052"
Database Architects,"8,228","2,485"
"Securities, Commodities, and Financial Services Sales Agents","8,039","13,271"
"Claims Adjusters, Examiners, and Investigators","7,759","7,860"
Facilities Managers,"7,737","4,539"
Public Relations Managers,"7,691","3,234"
"Counselors, All Other","7,677","2,676"
Architectural and Engineering Managers,"7,641","4,340"
Family Medicine Physicians,"7,602","3,250"
Construction Laborers,"7,379","88,547"
"First-Line Supervisors of Transportation and Material Moving Workers, Except Aircraft Cargo Handling Supervisors","7,326","25,386"
"Heating, Air Conditioning, and Refrigeration Mechanics and Installers","7,282","20,273"
Landscaping and Groundskeeping Workers,"7,269","76,473"
Dietitians and Nutritionists,"7,250","2,667"
"Special Education Teachers, All Other","7,144","1,616"
"Hairdressers, Hairstylists, and Cosmetologists","7,082","13,567"
"Helpers--Installation, Maintenance, and Repair Workers","7,063","5,523"
Occupational Therapists,"7,011","6,541"
Insurance Sales Agents,"6,984","18,084"
Surgical Technologists,"6,955","5,673"
Network and Computer Systems Administrators,"6,849","11,410"
"Education Administrators, Postsecondary","6,809","6,632"
Chefs and Head Cooks,"6,809","12,227"
Real Estate Sales Agents,"6,697","8,614"
Phlebotomists,"6,629","7,323"
Paralegals and Legal Assistants,"6,556","13,135"
Electricians,"6,511","35,597"
Cardiovascular Technologists and Technicians,"6,485","1,566"
Demonstrators and Product Promoters,"6,336","4,965"
"Education Administrators, Kindergarten through Secondary","6,334","7,853"
Chief Executives,"6,303","5,767"
Physician Assistants,"6,154","5,684"
"Elementary School Teachers, Except Special Education","6,098","36,656"
"Human Resources Assistants, Except Payroll and Timekeeping","6,036","7,294"
Bakers,"5,889","13,043"
Compliance Officers,"5,808","12,635"
Recreation Workers,"5,805","17,855"
Cost Estimators,"5,749","13,182"
Physical Therapist Assistants,"5,534","9,377"
Social and Human Service Assistants,"5,522","23,163"
Web Developers,"5,497","4,110"
Executive Secretaries and Executive Administrative Assistants,"5,456","17,002"
Self-Enrichment Teachers,"5,386","17,478"
Personal Financial Advisors,"5,317","8,494"
Medical Records Specialists,"5,314","6,022"
Occupational Health and Safety Technicians,"5,166","1,667"
Animal Caretakers,"5,160","23,763"
Respiratory Therapists,"5,135","5,296"
Tellers,"5,108","9,896"
Industrial Engineering Technologists and Technicians,"4,999","1,956"
Mental Health and Substance Abuse Social Workers,"4,967","5,230"
"Computer, Automated Teller, and Office Machine Repairers","4,881","2,685"
"Medical Scientists, Except Epidemiologists","4,877","5,074"
Public Relations Specialists,"4,821","15,991"
Occupational Health and Safety Specialists,"4,794","7,387"
Childcare Workers,"4,772","65,663"
Software Quality Assurance Analysts and Testers,"4,735","8,900"
Financial Risk Specialists,"4,649","1,914"
Natural Sciences Managers,"4,642","2,400"
Billing and Posting Clerks,"4,615","17,240"
Tax Preparers,"4,603","4,438"
Diagnostic Medical Sonographers,"4,519","2,427"
"Dentists, General","4,500","3,514"
"Meeting, Convention, and Event Planners","4,462","8,174"
First-Line Supervisors of Construction Trades and Extraction Workers,"4,449","33,375"
Web and Digital Interface Designers,"4,399","5,264"
"Plumbers, Pipefitters, and Steamfitters","4,363","23,475"
First-Line Supervisors of Housekeeping and Janitorial Workers,"4,316","8,057"
Instructional Coordinators,"4,310","10,036"
Operations Research Analysts,"4,283","3,671"
Compensation and Benefits Managers,"4,186",627
Purchasing Managers,"4,120","2,015"
Order Clerks,"4,110","5,771"
Tutors,"4,057","18,264"
Social and Community Service Managers,"4,046","6,864"
Exercise Trainers and Group Fitness Instructors,"4,033","24,069"
Information Security Analysts,"3,992","8,592"
Police and Sheriff's Patrol Officers,"3,961","16,618"
Payroll and Timekeeping Clerks,"3,947","7,890"
Loan Officers,"3,929","8,182"
Producers and Directors,"3,918","10,648"
"Dispatchers, Except Police, Fire, and Ambulance","3,835","11,137"
Veterinarians,"3,831","2,840"
Parts Salespersons,"3,830","15,034"
Psychiatrists,"3,796",880
Dental Hygienists,"3,785","7,963"
Operating Engineers and Other Construction Equipment Operators,"3,745","26,154"
Industrial Machinery Mechanics,"3,670","14,424"
Carpenters,"3,652","45,949"
Advertising Sales Agents,"3,628","4,291"
Detectives and Criminal Investigators,"3,609","2,676"
Obstetricians and Gynecologists,"3,556",617
Marriage and Family Therapists,"3,508","4,021"
Emergency Medicine Physicians,"3,385","1,148"
"Personal Service Managers, All Other","3,379",592
Machinists,"3,352","8,558"
Loan Interviewers and Clerks,"3,319","7,712"
Concierges,"3,288","4,067"
Graphic Designers,"3,267","7,927"
"Sales and Related Workers, All Other","3,261","7,309"
Construction and Building Inspectors,"3,202","5,048"
"Engineering Technologists and Technicians, Except Drafters, All Other","3,182","2,149"
Counter and Rental Clerks,"3,125","26,899"
Writers and Authors,"3,118","2,867"
Electrical and Electronic Engineering Technologists and Technicians,"3,076","2,690"
Amusement and Recreation Attendants,"3,074","48,545"
"Welders, Cutters, Solderers, and Brazers","3,069","22,482"
Healthcare Social Workers,"2,952","8,312"
Aircraft Mechanics and Service Technicians,"2,948","6,809"
"Entertainment and Recreation Managers, Except Gambling","2,938","1,590"
Psychiatric Technicians,"2,854","7,761"
"Electronics Engineers, Except Computer","2,849","2,842"
Data Entry Keyers,"2,820","9,037"
Training and Development Managers,"2,761","1,571"
"Precision Instrument and Equipment Repairers, All Other","2,750",471
Veterinary Technologists and Technicians,"2,750","7,082"
Automotive Body and Related Repairers,"2,729","8,859"
Farm and Home Management Educators,"2,727",544
"Environmental Scientists and Specialists, Including Health","2,722","3,432"
"Painters, Construction and Maintenance","2,687","14,493"
Fundraising Managers,"2,611","1,814"
Chemical Engineers,"2,590",639
Real Estate Brokers,"2,589","2,560"
First-Line Supervisors of Non-Retail Sales Workers,"2,571","6,183"
"Mobile Heavy Equipment Mechanics, Except Engines","2,561","9,216"
"Telecommunications Equipment Installers and Repairers, Except Line Installers","2,554","4,643"
Bill and Account Collectors,"2,553","7,684"
"Business Operations Specialists, All Other","2,544","51,007"
General Internal Medicine Physicians,"2,534","2,170"
Health Education Specialists,"2,534","2,386"
First-Line Supervisors of Security Workers,"2,524","2,668"
Telecommunications Line Installers and Repairers,"2,516","3,530"
Computer Programmers,"2,504","3,904"
"First-Line Supervisors of Landscaping, Lawn Service, and Groundskeeping Workers","2,428","5,171"
"Drafters, All Other","2,426",702
Technical Writers,"2,418","2,027"
"Pediatricians, General","2,387","1,064"
Medical Equipment Preparers,"2,354","2,742"
"Protective Service Workers, All Other","2,338","7,742"
"Court, Municipal, and License Clerks","2,335","7,752"
"Surgeons, All Other","2,263",811
Security and Fire Alarm Systems Installers,"2,263","5,998"
Clinical and Counseling Psychologists,"2,261","2,493"
Architectural and Civil Drafters,"2,225","4,124"
Computer Numerically Controlled Tool Operators,"2,222","7,315"
Veterinary Assistants and Laboratory Animal Caretakers,"2,208","6,804"
Automotive and Watercraft Service Attendants,"2,199","8,923"
Interpreters and Translators,"2,175","2,983"
Occupational Therapy Assistants,"2,174","4,028"
Commercial and Industrial Designers,"2,162","1,247"
Pest Control Workers,"2,157","8,239"
School Psychologists,"2,148","1,802"
Anesthesiologists,"2,148","1,065"
"Eligibility Interviewers, Government Programs","2,140","7,497"
Lodging Managers,"2,121","2,286"
Clergy,"2,093","8,357"
Insurance Claims and Policy Processing Clerks,"2,084","9,406"
Chemists,"2,078","2,440"
Photographers,"2,076","2,273"
"Biological Scientists, All Other","1,988","2,242"
Administrative Services Managers,"1,961","7,661"
Editors,"1,918","3,569"
Water and Wastewater Treatment Plant and System Operators,"1,854","3,230"
Optometrists,"1,852","1,665"
Computer and Information Systems Managers,"1,845","17,849"
Cargo and Freight Agents,"1,827","5,054"
Structural Iron and Steel Workers,"1,821","4,851"
"Bus Drivers, Transit and Intercity","1,768","7,133"
Electrical Power-Line Installers and Repairers,"1,761","5,170"
"Lifeguards, Ski Patrol, and Other Recreational Protective Service Workers","1,751","13,494"
Interior Designers,"1,721","3,067"
"Psychologists, All Other","1,721",468
Cardiologists,"1,713",469
Radiologists,"1,712","1,028"
Fundraisers,"1,707","6,307"
Emergency Medical Technicians,"1,700","8,410"
Word Processors and Typists,"1,700","1,648"
Home Appliance Repairers,"1,638","1,450"
Reservation and Transportation Ticket Agents and Travel Clerks,"1,634","7,561"
"Electrical, Electronic, and Electromechanical Assemblers, Except Coil Winders, Tapers, and Finishers","1,623","9,098"
Insurance Underwriters,"1,575","3,195"
"First-Line Supervisors of Entertainment and Recreation Workers, Except Gambling Services","1,568","4,569"
Travel Agents,"1,568","2,238"
Audio and Video Technicians,"1,537","3,835"
Computer Hardware Engineers,"1,531","2,254"
Ophthalmic Medical Technicians,"1,514","4,136"
"Office Clerks, General","1,506","136,558"
Neurologists,"1,499",319
Health Information Technologists and Medical Registrars,"1,499","1,298"
Sales Engineers,"1,490","2,055"
"Middle School Teachers, Except Special and Career/Technical Education","1,465","16,357"
"Opticians, Dispensing","1,461","3,720"
"Orthopedic Surgeons, Except Pediatric","1,448",493
Massage Therapists,"1,445","4,981"
"Social Scientists and Related Workers, All Other","1,419","1,245"
New Accounts Clerks,"1,409","1,267"
Roofers,"1,409","10,554"
"Education and Childcare Administrators, Preschool and Daycare","1,407","3,037"
Agricultural Technicians,"1,406","1,245"
Surveyors,"1,402","1,573"
Correctional Officers and Jailers,"1,400","9,742"
Medical Equipment Repairers,"1,394","2,448"
Private Detectives and Investigators,"1,378","2,464"
"Farmers, Ranchers, and Other Agricultural Managers","1,377","8,059"
Cement Masons and Concrete Finishers,"1,374","15,314"
Paramedics,"1,373","5,124"
"Architects, Except Landscape and Naval","1,368","3,079"
Commercial Pilots,"1,364","2,773"
Medical Transcriptionists,"1,330","3,681"
"Airline Pilots, Copilots, and Flight Engineers","1,329","3,968"
Librarians and Media Collections Specialists,"1,281","4,253"
"Farmworkers and Laborers, Crop, Nursery, and Greenhouse","1,280","91,603"
Athletic Trainers,"1,275","1,377"
"Switchboard Operators, Including Answering Service","1,274","2,071"
"Meat, Poultry, and Fish Cutters and Trimmers","1,266","8,085"
"Title Examiners, Abstractors, and Searchers","1,241","1,832"
Surgical Assistants,"1,236",823
"Makeup Artists, Theatrical and Performance","1,234",497
Aerospace Engineers,"1,231","1,927"
"Engineers, All Other","1,221","5,049"
Psychiatric Aides,"1,196","2,055"
"Tank Car, Truck, and Ship Loaders","1,181","1,068"
Orderlies,"1,163","2,473"
Actors,"1,160","6,017"
"Life, Physical, and Social Science Technicians, All Other","1,151","4,542"
"Library Assistants, Clerical","1,145","4,296"
Recreational Therapists,"1,133",832
Highway Maintenance Workers,"1,123","4,972"
Urban and Regional Planners,"1,122","1,252"
"Plant and System Operators, All Other","1,119",707
Actuaries,"1,089","1,048"
Physical Therapist Aides,"1,083","3,686"
"Healthcare Support Workers, All Other","1,071","5,340"
Art Directors,"1,012","2,198"
"News Analysts, Reporters, and Journalists","1,011","1,423"
Nuclear Medicine Technologists,"1,000",477
Probation Officers and Correctional Treatment Specialists,994,"2,991"
Glaziers,982,"3,925"
Surveying and Mapping Technicians,961,"2,137"
Credit Analysts,960,"1,864"
Nurse Anesthetists,957,"1,512"
"Environmental Science and Protection Technicians, Including Health",955,"1,300"
Special Effects Artists and Animators,954,"1,794"
Light Truck Drivers,951,"68,312"
Engine and Other Machine Assemblers,941,"2,171"
Printing Press Operators,940,"5,011"
Environmental Engineers,938,"1,426"
"Cutting, Punching, and Press Machine Setters, Operators, and Tenders, Metal and Plastic",922,"7,035"
Military-only occupations,917,"30,556"
"Cooks, Short Order",916,"9,497"
Biological Technicians,914,"3,138"
"Electrical and Electronics Installers and Repairers, Transportation Equipment",913,652
File Clerks,908,"5,125"
Statisticians,902,"1,450"
Slaughterers and Meat Packers,896,"4,032"
Miscellaneous Construction and Related Workers,887,"1,925"
"Financial Specialists, All Other",882,"4,313"
Chemical Technicians,876,"2,097"
Dermatologists,873,404
Airfield Operations Specialists,869,760
"Adult Basic Education, Adult Secondary Education, and English as a Second Language Instructors",864,"1,725"
"Pesticide Handlers, Sprayers, and Applicators, Vegetation",864,"2,625"
Computer Network Support Specialists,863,"6,167"
Tour and Travel Guides,835,"3,968"
Skincare Specialists,832,"4,648"
Tree Trimmers and Pruners,831,"4,841"
"Credit Authorizers, Checkers, and Clerks",827,681
Forensic Science Technicians,826,817
"Tax Examiners and Collectors, and Revenue Agents",817,"1,299"
Cabinetmakers and Bench Carpenters,813,"3,769"
Avionics Technicians,802,"1,476"
Computer Numerically Controlled Tool Programmers,798,"1,149"
Budget Analysts,798,"1,650"
Epidemiologists,795,502
Materials Engineers,793,718
Millwrights,790,"1,998"
First-Line Supervisors of Police and Detectives,780,"2,396"
Community Health Workers,768,"2,827"
Solar Photovoltaic Installers,764,"2,055"
Chiropractors,756,"1,851"
"Farmworkers, Farm, Ranch, and Aquacultural Animals",727,"14,950"
"Floor Layers, Except Carpet, Wood, and Hard Tiles",719,"1,361"
Political Scientists,718,220
Legal Secretaries and Administrative Assistants,710,"4,821"
Sailors and Marine Oilers,702,"2,613"
Emergency Management Directors,699,373
"Kindergarten Teachers, Except Special Education",693,"5,055"
Conservation Scientists,692,"1,255"
Telemarketers,691,"5,111"
Procurement Clerks,681,"2,283"
"Door-to-Door Sales Workers, News and Street Vendors, and Related Workers",676,434
Judicial Law Clerks,667,450
"Coating, Painting, and Spraying Machine Setters, Operators, and Tenders",660,"7,137"
Electrical and Electronics Drafters,648,760
Chemical Plant and System Operators,648,528
"Dentists, All Other Specialists",635,221
Radiation Therapists,635,682
"Grinding, Lapping, Polishing, and Buffing Machine Tool Setters, Operators, and Tenders, Metal and Plastic",626,"2,703"
Broadcast Technicians,622,983
Tool and Die Makers,622,"1,960"
"Geoscientists, Except Hydrologists and Geographers",617,"1,120"
Animal Trainers,615,"2,109"
Transportation Inspectors,613,"2,309"
Survey Researchers,608,404
"Health and Safety Engineers, Except Mining Safety Engineers and Inspectors",606,820
Chemical Equipment Operators and Tenders,605,"3,510"
Labor Relations Specialists,596,"4,407"
Curators,588,582
Advertising and Promotions Managers,577,952
"Camera Operators, Television, Video, and Film",569,"1,763"
"Tailors, Dressmakers, and Custom Sewers",568,893
"Interviewers, Except Eligibility and Loan",566,"9,342"
"Fine Artists, Including Painters, Sculptors, and Illustrators",560,762
Civil Engineering Technologists and Technicians,558,"1,956"
Brickmasons and Blockmasons,551,"3,360"
"Roustabouts, Oil and Gas",548,"3,281"
Structural Metal Fabricators and Fitters,545,"2,992"
Fallers,544,328
Crane and Tower Operators,543,"4,089"
Dental Laboratory Technicians,540,"1,008"
Public Safety Telecommunicators,539,"3,248"
Food Scientists and Technologists,531,714
Butchers and Meat Cutters,530,"4,948"
Athletes and Sports Competitors,524,"1,673"
Firefighters,518,"7,130"
Property Appraisers and Assessors,517,"2,344"
"Welding, Soldering, and Brazing Machine Setters, Operators, and Tenders",514,"1,655"
"Insurance Appraisers, Auto Damage",513,287
Orthodontists,502,225
Credit Counselors,500,"1,343"
"Loading and Moving Machine Operators, Underground Mining",495,213
Occupational Therapy Aides,482,401
Automotive Glass Installers and Repairers,480,"1,183"
Barbers,479,920
Computer and Information Research Scientists,474,"1,342"
"Grinding and Polishing Workers, Hand",467,545
Financial Examiners,466,"1,705"
"Aircraft Structure, Surfaces, Rigging, and Systems Assemblers",462,"1,276"
Landscape Architects,460,924
Petroleum Engineers,448,753
Outdoor Power Equipment and Other Small Engine Mechanics,446,"2,090"
Musicians and Singers,429,"4,515"
Rehabilitation Counselors,428,"4,825"
Oral and Maxillofacial Surgeons,424,143
Stationary Engineers and Boiler Operators,422,"1,250"
"Mining and Geological Engineers, Including Mining Safety Engineers",421,280
Microbiologists,419,779
"Rotary Drill Operators, Oil and Gas",417,798
Sewing Machine Operators,412,"4,787"
"Helpers--Pipelayers, Plumbers, Pipefitters, and Steamfitters",407,"8,496"
Drywall and Ceiling Tile Installers,404,"6,952"
Audiologists,403,539
Physicists,400,829
"Artists and Related Workers, All Other",400,372
"Electrical and Electronics Repairers, Commercial and Industrial Equipment",396,"2,724"
"Physicians, Pathologists",396,403
Hazardous Materials Removal Workers,395,"3,144"
Fire Inspectors and Investigators,392,404
Calibration Technologists and Technicians,376,390
Fashion Designers,376,"1,038"
"Ophthalmologists, Except Pediatric",376,379
Zoologists and Wildlife Biologists,374,752
Pharmacy Aides,371,"2,408"
"Insulation Workers, Floor, Ceiling, and Wall",368,"2,773"
"Textile Cutting Machine Setters, Operators, and Tenders",367,529
Transportation Security Screeners,358,"3,671"
Music Directors and Composers,358,"1,689"
Manicurists and Pedicurists,354,"9,056"
"Radio, Cellular, and Tower Equipment Installers and Repairers",352,500
Floral Designers,352,"2,407"
"Sawing Machine Setters, Operators, and Tenders, Wood",350,"1,914"
Sheet Metal Workers,349,"6,459"
First-Line Supervisors of Gambling Services Workers,348,848
"Umpires, Referees, and Other Sports Officials",347,"1,401"
Mechanical Engineering Technologists and Technicians,345,"1,236"
Exercise Physiologists,343,476
Bioengineers and Biomedical Engineers,341,583
Forest and Conservation Workers,339,"1,847"
Film and Video Editors,335,"2,378"
Funeral Home Managers,328,330
Air Traffic Controllers,328,821
Economists,326,583
Anthropologists and Archeologists,323,327
Audiovisual Equipment Installers and Repairers,311,"1,345"
Foresters,311,543
"Mail Clerks and Mail Machine Operators, Except Postal Service",310,"3,866"
Farm Equipment Mechanics and Service Technicians,310,"2,076"
Furniture Finishers,301,662
"Separating, Filtering, Clarifying, Precipitating, and Still Machine Setters, Operators, and Tenders",297,"2,743"
Traffic Technicians,293,564
Forest and Conservation Technicians,292,"1,467"
Locksmiths and Safe Repairers,291,"1,057"
Helpers--Electricians,290,"12,393"
Dietetic Technicians,288,"1,700"
"Heat Treating Equipment Setters, Operators, and Tenders, Metal and Plastic",280,574
Motorboat Mechanics and Service Technicians,275,"1,285"
"Cooks, Institution and Cafeteria",269,"32,164"
"Earth Drillers, Except Oil and Gas",267,"1,640"
Nuclear Engineers,265,365
Electro-Mechanical and Mechatronics Technologists and Technicians,264,465
Pipelayers,263,"2,643"
Gambling Dealers,261,"4,012"
"Ambulance Drivers and Attendants, Except Emergency Medical Technicians",260,669
Models,257,391
Library Technicians,253,"2,769"
Hearing Aid Specialists,246,500
"Meter Readers, Utilities",239,777
Fishing and Hunting Workers,238,967
"Pump Operators, Except Wellhead Pumpers",234,"1,142"
"Therapists, All Other",233,"1,263"
Bicycle Repairers,232,"1,369"
Gambling Change Persons and Booth Cashiers,232,"1,642"
"Special Education Teachers, Kindergarten and Elementary School",229,"5,448"
"Excavating and Loading Machine and Dragline Operators, Surface Mining",227,"2,225"
"Captains, Mates, and Pilots of Water Vessels",227,"2,816"
Lighting Technicians,226,645
"Special Education Teachers, Preschool",226,981
Jewelers and Precious Stone and Metal Workers,224,"1,044"
Wind Turbine Service Technicians,221,655
Tile and Stone Setters,221,"2,316"
Recreational Vehicle Service Technicians,221,"1,488"
Prepress Technicians and Workers,215,749
"Agents and Business Managers of Artists, Performers, and Athletes",215,"1,404"
"Railroad Brake, Signal, and Switch Operators and Locomotive Firers",212,629
Railroad Conductors and Yardmasters,209,"2,180"
Medical Appliance Technicians,207,500
Upholsterers,200,"1,357"
Biochemists and Biophysicists,200,"1,035"
Marine Engineers and Naval Architects,200,413
"Extruding and Drawing Machine Setters, Operators, and Tenders, Metal and Plastic",200,"2,495"
Helpers--Carpenters,196,"5,320"
Brokerage Clerks,191,"2,033"
Animal Control Workers,188,622
Nurse Midwives,187,310
Funeral Attendants,183,"1,398"
Mechanical Drafters,182,"1,662"
Telephone Operators,181,221
Court Reporters and Simultaneous Captioners,176,704
Food Batchmakers,176,"10,468"
"Directors, Religious Activities and Education",173,"5,891"
First-Line Supervisors of Firefighting and Prevention Workers,171,"1,782"
"Legal Support Workers, All Other",169,"1,708"
Orthotists and Prosthetists,158,354
Agricultural Inspectors,156,786
Print Binding and Finishing Workers,155,"1,355"
Atmospheric and Space Scientists,153,507
Correspondence Clerks,152,298
Reinforcing Iron and Rebar Workers,152,"1,557"
Social Science Research Assistants,151,"1,739"
Boilermakers,151,975
Motorcycle Mechanics,149,638
Flight Attendants,149,"3,532"
Craft Artists,147,432
"Electrical and Electronics Repairers, Powerhouse, Substation, and Relay",146,"1,016"
Power Plant Operators,145,649
"Gambling Service Workers, All Other",145,890
Podiatrists,143,410
Subway and Streetcar Operators,140,457
Set and Exhibit Designers,135,898
Archivists,132,355
"Layout Workers, Metal and Plastic",128,294
Proofreaders and Copy Markers,128,261
Carpet Installers,127,755
Acupuncturists,127,468
Medical Dosimetrists,127,173
Genetic Counselors,125,127
Logging Equipment Operators,118,"1,248"
Pediatric Surgeons,117,50
"Drilling and Boring Machine Tool Setters, Operators, and Tenders, Metal and Plastic",115,252
Costume Attendants,113,"1,176"
"Arbitrators, Mediators, and Conciliators",111,252
Hydrologists,111,312
Agricultural Equipment Operators,109,"8,486"
"Judges, Magistrate Judges, and Magistrates",107,669
Semiconductor Processing Technicians,106,728
"Geological Technicians, Except Hydrologic Technicians",105,378
Environmental Engineering Technologists and Technicians,103,487
"Special Education Teachers, Secondary School",101,"4,192"
Soil and Plant Scientists,96,"1,207"
"Physical Scientists, All Other",96,"1,044"
"Explosives Workers, Ordnance Handling Experts, and Blasters",96,671
Continuous Mining Machine Operators,93,613
Food Science Technicians,90,907
"Special Education Teachers, Middle School",88,"2,279"
"Paving, Surfacing, and Tamping Equipment Operators",88,"2,947"
Historians,88,140
Rail Car Repairers,84,"1,655"
Hydrologic Technicians,83,139
Musical Instrument Repairers and Tuners,83,378
Fabric and Apparel Patternmakers,82,140
"Healthcare Practitioners and Technical Workers, All Other",80,"1,686"
"Morticians, Undertakers, and Funeral Arrangers",79,"1,052"
Broadcast Announcers and Radio Disc Jockeys,78,905
Sound Engineering Technicians,76,854
Paperhangers,75,151
Postmasters and Mail Superintendents,67,506
Commercial Divers,67,249
Ophthalmic Laboratory Technicians,65,716
"Electronic Equipment Installers and Repairers, Motor Vehicles",62,521
Dancers,61,"1,243"
"Maintenance Workers, Machinery",61,"2,358"
"Tool Grinders, Filers, and Sharpeners",60,306
"Rail Yard Engineers, Dinkey Operators, and Hostlers",59,102
Metal-Refining Furnace Operators and Tenders,57,652
Choreographers,56,534
"Milling and Planing Machine Setters, Operators, and Tenders, Metal and Plastic",55,641
Bailiffs,55,586
First-Line Supervisors of Correctional Officers,52,846
Plasterers and Stucco Masons,49,"1,684"
Photographic Process Workers and Processing Machine Operators,48,540
"Administrative Law Judges, Adjudicators, and Hearing Officers",47,413
"Plating Machine Setters, Operators, and Tenders, Metal and Plastic",46,"1,180"
Nuclear Technicians,46,243
"Healthcare Diagnosing or Treating Practitioners, All Other",44,996
"Insulation Workers, Mechanical",43,"1,507"
"Forging Machine Setters, Operators, and Tenders, Metal and Plastic",40,430
"Helpers--Brickmasons, Blockmasons, Stonemasons, and Tile and Marble Setters",39,"3,817"
Legislators,38,"1,111"
"Patternmakers, Metal and Plastic",38,97
Prosthodontists,36,26
Crematory Operators,33,177
"Lathe and Turning Machine Tool Setters, Operators, and Tenders, Metal and Plastic",32,729
Geographers,31,76
Gas Plant Operators,30,405
"Rolling Machine Setters, Operators, and Tenders, Metal and Plastic",29,875
Etchers and Engravers,28,452
Elevator and Escalator Installers and Repairers,28,"1,222"
Agricultural Engineers,28,106
Cartographers and Photogrammetrists,27,410
Animal Breeders,27,144
Gambling and Sports Book Writers and Runners,26,515
Mathematicians,24,122
Shampooers,24,635
Stonemasons,23,661
"Career/Technical Education Teachers, Secondary School",23,"2,087"
Industrial-Organizational Psychologists,23,61
Gambling Surveillance Officers and Gambling Investigators,23,692
Locomotive Engineers,20,"1,453"
"Molding, Coremaking, and Casting Machine Setters, Operators, and Tenders, Metal and Plastic",19,"7,316"
Embalmers,19,173
Materials Scientists,19,303
Museum Technicians and Conservators,18,590
Gambling Managers,17,123
Desktop Publishers,17,223
Astronomers,16,125
Watch and Clock Repairers,15,106
"Woodworking Machine Setters, Operators, and Tenders, Except Sawing",14,"2,605"
"Service Unit Operators, Oil and Gas",14,"2,839"
"Cutters and Trimmers, Hand",13,407
Statistical Assistants,12,416
Motorboat Operators,12,268
"Petroleum Pump System Operators, Refinery Operators, and Gaugers",11,925
Shoe and Leather Workers and Repairers,11,381
Nuclear Power Reactor Operators,11,121
"Career/Technical Education Teachers, Middle School",11,412
"Graders and Sorters, Agricultural Products",11,"5,080"
Floor Sanders and Finishers,10,387
Forest Fire Inspectors and Prevention Specialists,10,83
"Coil Winders, Tapers, and Finishers",10,575
Power Distributors and Dispatchers,10,198
Ship Engineers,10,855
"Entertainers and Performers, Sports and Related Workers, All Other",10,"1,498"
Fish and Game Wardens,10,192
Gambling Cage Workers,9,413
"Pressers, Textile, Garment, and Related Materials",9,"1,553"
Transit and Railroad Police,7,132
Foundry Mold and Coremakers,7,516
Log Graders and Scalers,7,176
"Multiple Machine Tool Setters, Operators, and Tenders, Metal and Plastic",6,"6,893"
Wellhead Pumpers,6,"1,034"
"Textile Knitting and Weaving Machine Setters, Operators, and Tenders",6,647
"Model Makers, Wood",5,47
Motion Picture Projectionists,5,473
"Cooks, Private Household",5,146
Textile Bleaching and Dyeing Machine Operators and Tenders,5,297
"Derrick Operators, Oil and Gas",5,818
"Pourers and Casters, Metal",4,242
Pile Driver Operators,4,275
Terrazzo Workers and Finishers,3,150
Signal and Track Switch Repairers,3,844
"First-Line Supervisors of Farming, Fishing, and Forestry Workers",3,"6,766"
Rail-Track Laying and Maintenance Equipment Operators,3,"1,514"
"Installation, Maintenance, and Repair Workers, All Other",3,"9,494"
Aircraft Cargo Handling Supervisors,2,488
Sociologists,2,132
Animal Scientists,2,141
"Electric Motor, Power Tool, and Related Repairers",2,906
Aerospace Engineering and Operations Technologists and Technicians,2,356
"Model Makers, Metal and Plastic",2,117
Farm Labor Contractors,2,145
"Textile Winding, Twisting, and Drawing Out Machine Setters, Operators, and Tenders",2,"1,031"
"Roof Bolters, Mining",2,83
Timing Device Assemblers and Adjusters,2,13
Septic Tank Servicers and Sewer Pipe Cleaners,2,"1,709"
Hoist and Winch Operators,2,195
"Sewers, Hand",1,160
Shoe Machine Operators and Tenders,1,214
Dredge Operators,1,86
Manufactured Building and Mobile Home Installers,1,217
Camera and Photographic Equipment Repairers,1,137
"Patternmakers, Wood",1,12
"Refractory Materials Repairers, Except Brickmasons",0,19
Gas Compressor and Gas Pumping Station Operators,0,292
"Education Administrators, All Other",0,0
"Mathematical Science Occupations, All Other",0,261
"Life Scientists, All Other",0,0
"Social Workers, All Other",0,0
"Religious Workers, All Other",0,0
"Teachers and Instructors, All Other",0,0
"Educational Instruction and Library Workers, All Other",0,0
"Designers, All Other",0,0
"Media and Communication Workers, All Other",0,0
"Media and Communication Equipment Workers, All Other",0,0
"First-Line Supervisors of Protective Service Workers, All Other",0,0
First-Line Supervisors of Personal Service Workers,0,"5,295"
"Communications Equipment Operators, All Other",0,0
"Underground Mining Machine Operators, All Other",0,0
"Extraction Workers, All Other",0,0
"Metal Workers and Plastic Workers, All Other",0,0
"Woodworkers, All Other",0,0
"Rail Transportation Workers, All Other",0,0
"Transportation Workers, All Other",0,0
